Workbook

Sheet บัญชีน้ำ
A1: Daily water data table
A2: Reservoir : Mae Na Rua
D3: Month | E3: March | F3: Year | G3: 2026 | I3: At 07.00 AM.
D4: I=ΔS-R+O+Spill+E | E4: O | F4: Spill | H4: R | I4: E | J4: Infiltration | K4: ΔS
A5: Date | B5: Water Level (MSL) | C5: Water Volume (M3) | D5: Inflow (M3) | E5: Water discharged through the outlet work. (M3) | F5: Water overflowing the spillway. (M3) | G5: Cumulative rainfall over the past 24 hours. (mm.) | H5: Water runoff from rainwater that falls directly into the reservoir (M3) | I5: Evaporation (M3) | K5: ΔS (M3)
A6: 1 | B6: 489.502 | C6: 1613444.9 | D6: 1228.2271 | E6: =('อัตราการไหล ท่อฝั่งspillway'!L$11*0)+(อัตราการไหลท่อฝั่งทางเข้าอ่าง!L$11*0) | F6: 0 | G6: 0 | H6: 0 | I6: 928.06254 | J6: 304.29778 | K6: 0
A7: 2 | B7: 489.502 | C7: 1613444.9 | D7: 1228.2271 | E7: =('อัตราการไหล ท่อฝั่งspillway'!L$11*0)+(อัตราการไหลท่อฝั่งทางเข้าอ่าง!L$11*0) | F7: 0 | G7: 0 | H7: 0 | I7: 928.06254 | J7: 304.29778 | K7: 0
A8: 3 | B8: 489.483 | C8: 1607444.6 | D8: 0 | E8: =('อัตราการไหล ท่อฝั่งspillway'!L$11*0)+(อัตราการไหลท่อฝั่งทางเข้าอ่าง!L$11*0) | F8: 0 | G8: 0 | H8: 0 | I8: 927.12898 | J8: 303.98019 | K8: -6000.3389
A9: 4 | B9: 489.508 | C9: 1613444.9 | D9: 7228.566 | E9: =('อัตราการไหล ท่อฝั่งspillway'!L$11*0)+(อัตราการไหลท่อฝั่งทางเข้าอ่าง!L$11*0) | F9: 0 | G9: 0 | H9: 0 | I9: 928.06254 | J9: 304.29778 | K9: 6000.3389
A10: 5 | B10: 489.483 | C10: 1607444.6 | D10: 0 | E10: =('อัตราการไหล ท่อฝั่งspillway'!L$11*0)+(อัตราการไหลท่อฝั่งทางเข้าอ่าง!L$11*0) | F10: 0 | G10: 0 | H10: 0 | I10: 927.12898 | J10: 303.98019 | K10: -6000.3389
A11: 6 | B11: 489.49 | C11: 1610444 | D11: 4227.0325 | E11: 0 | F11: 0 | G11: 0 | H11: 0 | I11: 927.59489 | J11: 304.13871 | K11: 2999.4243
A12: 7 | B12: 489.52 | C12: 1619451.3 | D12: 10236.771 | E12: 0 | F12: 0 | G12: 0 | H12: 0 | I12: 929.00307 | J12: 304.61758 | K12: 9007.2997
A13: 8 | B13: 489.502 | C13: 1613444.9 | D13: 0 | E13: 0 | F13: 0 | G13: 0 | H13: 0 | I13: 928.06254 | J13: 304.29778 | K13: -6006.3851
A14: 9 | B14: 489.52 | C14: 1619451.3 | D14: 7235.8569 | E14: =('อัตราการไหล ท่อฝั่งspillway'!L$11*0)+(อัตราการไหลท่อฝั่งทางเข้าอ่าง!L$11*0) | F14: 0 | G14: 0 | H14: 0 | I14: 929.00307 | J14: 304.61758 | K14: 6006.3851
A15: 10 | B15: 489.501 | C15: 1613444.9 | D15: 0 | E15: =('อัตราการไหล ท่อฝั่งspillway'!L$11*0)+(อัตราการไหลท่อฝั่งทางเข้าอ่าง!L$11*0) | F15: 0 | G15: 0 | H15: 0 | I15: 928.06254 | J15: 304.29778 | K15: -6006.3851
A16: 11 | B16: 489.489 | C16: 1607444.6 | D16: 0 | E16: =('อัตราการไหล ท่อฝั่งspillway'!L$11*0)+(อัตราการไหลท่อฝั่งทางเข้าอ่าง!L$11*0) | F16: 0 | G16: 3.4 | H16: 1019.5328 | I16: 927.12898 | J16: 303.98019 | K16: -6000.3389
A17: 12 | B17: 489.476 | C17: 1604446.7 | D17: 0 | E17: =('อัตราการไหล ท่อฝั่งspillway'!L$11*0)+(อัตราการไหลท่อฝั่งทางเข้าอ่าง!L$11*0) | F17: 0 | G17: 0.8 | H17: 239.77 | I17: 926.66495 | J17: 303.82226 | K17: -2997.8745
A18: 13 | B18: 489.49 | C18: 1610444 | D18: 4584.7901 | E18: =('อัตราการไหล ท่อฝั่งspillway'!L$11*0)+(อัตราการไหลท่อฝั่งทางเข้าอ่าง!L$11*0) | F18: 0 | G18: 8.8 | H18: 2640.1168 | I18: 927.59489 | J18: 304.13871 | K18: 5997.2988
A19: 14 | B19: 489.496 | C19: 1610444 | D19: 1047.6002 | E19: =('อัตราการไหล ท่อฝั่งspillway'!L$11*0)+(อัตราการไหลท่อฝั่งทางเข้าอ่าง!L$11*0) | F19: 0 | G19: 0.6 | H19: 180.00797 | I19: 927.59489 | J19: 304.13871 | K19: 0
A20: 15 | B20: 489.495 | C20: 1610444 | D20: 1167.6055 | E20: =('อัตราการไหล ท่อฝั่งspillway'!L$11*0)+(อัตราการไหลท่อฝั่งทางเข้าอ่าง!L$11*0) | F20: 0 | G20: 0.2 | H20: 60.002655 | I20: 927.59489 | J20: 304.13871 | K20: 0
A21: 16 | B21: 489.495 | C21: 1610444 | D21: 1227.6082 | E21: =('อัตราการไหล ท่อฝั่งspillway'!L$11*0)+(อัตราการไหลท่อฝั่งทางเข้าอ่าง!L$11*0) | F21: 0 | G21: 0 | H21: 0 | I21: 927.59489 | J21: 304.13871 | K21: 0
A22: 17 | B22: 489.502 | C22: 1613444.9 | D22: 1587.6938 | E22: =('อัตราการไหล ท่อฝั่งspillway'!L$11*0)+(อัตราการไหลท่อฝั่งทางเข้าอ่าง!L$11*0) | F22: 0 | G22: 8.8 | H22: 2641.4479 | I22: 928.06254 | J22: 304.29778 | K22: 3000.9146
A23: 18 | B23: 489.514 | C23: 1616447.3 | D23: 3690.6468 | E23: =('อัตราการไหล ท่อฝั่งspillway'!L$11*0)+(อัตราการไหลท่อฝั่งทางเข้าอ่าง!L$11*0) | F23: 0 | G23: 1.8 | H23: 540.56933 | I23: 928.53179 | J23: 304.45736 | K23: 3002.3681
A24: 19 | B24: 489.581 | C24: 1637507.2 | D24: 38381.784 | E24: =('อัตราการไหล ท่อฝั่งspillway'!L$11*0)+(อัตราการไหลท่อฝั่งทางเข้าอ่าง!L$11*0) | F24: 16088.603 | G24: 0 | H24: 0 | I24: 931.86639 | J24: 305.5903 | K24: 21059.92
A25: 20 | B25: 489.567 | C25: 1631482.4 | D25: 14964.422 | E25: =('อัตราการไหล ท่อฝั่งspillway'!L$11*0)+(อัตราการไหลท่อฝั่งทางเข้าอ่าง!L$11*0) | F25: 19757.256 | G25: 0 | H25: 0 | I25: 930.90591 | J25: 305.26409 | K25: -6024.8246
... A36: 31 | B36: 489.368 | C36: 1571637 | D36: 1212.4821 | E36: =('อัตราการไหล ท่อฝั่งspillway'!L$11*0)+(อัตราการไหลท่อฝั่งทางเข้าอ่าง!L$11*0) | F36: 0 | G36: 0 | H36: 0 | I36: 916.16545 | J36: 300.34064 | K36: 0
B40: จากสถานีโทรมาตรวัดระดับน้ำ https://partners.thaiwater.net:3007/teleChart/th/VLGE12/25 | G40: จากสถานีโทรมาตรวัดระดับน้ำ https://partners.thaiwater.net:3007/teleChart/th/VLGE12/25

Sheet Area_Terrain
A1: Plane_Height(MSL) | B1: Area_Water (M2) | C1: Area_Terrain (M2) | D1: Volume (M3)
A2: 491.5 | B2: 361994.81 | C2: 368340.05 | D2: 2267398.1
A3: 491.49 | B3: 361599.09 | C3: 367932.98 | D3: 2263780.1
A4: 491.48 | B4: 361204.48 | C4: 367526.99 | D4: 2260166.1
A5: 491.47 | B5: 360810.88 | C5: 367122 | D5: 2256556.1
A6: 491.46 | B6: 360418.36 | C6: 366718.08 | D6: 2252949.9
A7: 491.45 | B7: 360026.73 | C7: 366315.02 | D7: 2249347.6
A8: 491.44 | B8: 359636.11 | C8: 365912.96 | D8: 2245749.3
A9: 491.43 | B9: 359245.89 | C9: 365511.28 | D9: 2242154.8
A10: 491.42 | B10: 358854.57 | C10: 365108.47 | D10: 2238564.3
A11: 491.41 | B11: 358454.94 | C11: 364697.37 | D11: 2234977.7
A12: 491.4 | B12: 357875.27 | C12: 364106.29 | D12: 2231395.5
A13: 491.39 | B13: 355774.16 | C13: 361993.48 | D13: 2227834.7
... A873: 482.79 | B873: 0 | C873: 0 | D873: 0

Sheet Rating Curve 1 CM
A1: MSL_Height | B1: Z_Factor | C1: พื้นที่ผิวน้ำ | D1: ความจุ(ลูกบาศก์เมตร)
A2: 490.5 | B2: 1 | C2: 325588.17 | D2: 1924831.9
A3: 490.49 | B3: 1 | C3: 325329.54 | D3: 1921577.3
A4: 490.48 | B4: 1 | C4: 325070.96 | D4: 1918325.3
A5: 490.47 | B5: 1 | C5: 324812.56 | D5: 1915075.8
A6: 490.46 | B6: 1 | C6: 324554.24 | D6: 1911828.9
A7: 490.45 | B7: 1 | C7: 324296.2 | D7: 1908584.6
A8: 490.44 | B8: 1 | C8: 324038.37 | D8: 1905343
A9: 490.43 | B9: 1 | C9: 323780.31 | D9: 1902103.9
A10: 490.42 | B10: 1 | C10: 323520.96 | D10: 1898867.4
A11: 490.41 | B11: 1 | C11: 323254.77 | D11: 1895633.5
A12: 490.4 | B12: 1 | C12: 322850.9 | D12: 1892402.5
A13: 490.39 | B13: 1 | C13: 321169.49 | D13: 1889188.9
... A97: 489.55 | B97: 1 | C97: 300929.41 | D97: 1628472.3
A98: 489.54 | B98: 1 | C98: 300775.26 | D98: 1625463.8 | E98: Spill way
A99: 489.53 | B99: 1 | C99: 300621.71 | D99: 1622456.8
A100: 489.52 | B100: 1 | C100: 300468.72 | D100: 1619451.3
A101: 489.51 | B101: 1 | C101: 300316.3 | D101: 1616447.3
A102: 489.5 | B102: 1 | C102: 300164.53 | D102: 1613444.9
A103: 489.49 | B103: 1 | C103: 300013.28 | D103: 1610444
A104: 489.48 | B104: 1 | C104: 299862.59 | D104: 1607444.6
A105: 489.47 | B105: 1 | C105: 299712.5 | D105: 1604446.7
A106: 489.46 | B106: 1 | C106: 299562.94 | D106: 1601450.3
A107: 489.45 | B107: 1 | C107: 299413.77 | D107: 1598455.5
A108: 489.44 | B108: 1 | C108: 299264.87 | D108: 1595462
A109: 489.43 | B109: 1 | C109: 299115.74 | D109: 1592470.1
A110: 489.42 | B110: 1 | C110: 298964.86 | D110: 1589479.8
... A772: 482.8 | B772: 1 | C772: 33140.979 | D772: 0.40316732

Sheet อัตราการไหล ท่อฝั่งspillway
A1: Flow rate measuring experiment
A2: อ่างเก็บน้ำแม่นาเรือ
A3: 1. ท่อน้ำออก ฝั่งสปิลเวย์ ปล่อยลงคลองส่งน้ำคอนกรีต | B3: ท่อ HDPE 355 mm. (outer surface) 26.1 mm thickness PN125 | E3: ระยะห่างหัววัด 411 mm.
A4: จำนวนรอบที่เปิดวาล์ว | B4: รอบที่ 1 | E4: รอบที่ 2 | H4: รอบที่ 3 | K4: Avg
B5: V (m/s) | C5: Q (M3/h) | D5: Q (M3/min) | E5: V (m/s) | F5: Q (M3/h) | G5: Q (M3/min) | H5: V (m/s) | I5: Q (M3/h) | J5: Q (M3/min) | K5: V (m/s) | L5: Q (M3/h) | M5: Q (M3/min)
A6: 1 | B6: 0 | C6: 0 | D6: 0 | E6: 0 | F6: 0 | G6: 0 | H6: 0 | I6: 0 | J6: 0 | K6: 0 | L6: 0 | M6: 0
A7: 2 | B7: 0 | C7: 0 | D7: 0 | E7: 0 | F7: 0 | G7: 0 | H7: 0 | I7: 0 | J7: 0 | K7: 0 | L7: 0 | M7: 0
A8: 3 | B8: 0 | C8: 0 | D8: 0 | E8: 0 | F8: 0 | G8: 0 | H8: 0 | I8: 0 | J8: 0 | K8: 0 | L8: 0 | M8: 0
A9: 4 | B9: 0 | C9: 0 | D9: 0 | E9: 0 | F9: 0 | G9: 0 | H9: 0 | I9: 0 | J9: 0 | K9: 0 | L9: 0 | M9: 0
A10: 5 | B10: 0 | C10: 0 | D10: 0 | E10: 0 | F10: 0 | G10: 0 | H10: 0 | I10: 0 | J10: 0 | K10: 0 | L10: 0 | M10: 0
A11: 6 | B11: 1.5 | C11: 390 | D11: 6.5 | E11: 1.51 | F11: =G11*60 | G11: 6.53 | H11: 1.54 | I11: =J11*60 | J11: 6.65 | K11: =AVERAGE(B11,E11,H11) | L11: =AVERAGE(C11,F11,I11) | M11: =AVERAGE(D11,G11,J11) | N11: ระดับระบายหน้าฝน
A12: 7 | B12: 1.67 | C12: 433 | D12: 7.2166667 | E12: 1.7 | F12: =G12*60 | G12: 7.34 | H12: 1.65 | I12: =J12*60 | J12: 7.13 | K12: =AVERAGE(B12,E12,H12) | L12: =AVERAGE(C12,F12,I12) | M12: =AVERAGE(D12,G12,J12)
A13: 8 | B13: 1.74 | C13: 450 | D13: 7.5 | E13: 1.79 | F13: =G13*60 | G13: 7.73 | H13: 1.79 | I13: =J13*60 | J13: 7.74 | K13: =AVERAGE(B13,E13,H13) | L13: =AVERAGE(C13,F13,I13) | M13: =AVERAGE(D13,G13,J13)
A14: 9 | B14: 1.75 | C14: 453 | D14: 7.55 | E14: 1.84 | F14: =G14*60 | G14: 7.95 | H14: 1.85 | I14: =J14*60 | J14: 8.02 | K14: =AVERAGE(B14,E14,H14) | L14: =AVERAGE(C14,F14,I14) | M14: =AVERAGE(D14,G14,J14)
A15: 10 | B15: 1.76 | C15: 453 | D15: 7.64 | E15: 1.89 | F15: =G15*60 | G15: 8.17 | H15: 1.89 | I15: =J15*60 | J15: 8.17 | K15: =AVERAGE(B15,E15,H15) | L15: =AVERAGE(C15,F15,I15) | M15: =AVERAGE(D15,G15,J15)
A16: 11 | B16: 1.81 | C16: 470 | D16: 7.8333333 | E16: 1.91 | F16: =G16*60 | G16: 8.27 | H16: 1.93 | I16: =J16*60 | J16: 8.33 | K16: =AVERAGE(B16,E16,H16) | L16: =AVERAGE(C16,F16,I16) | M16: =AVERAGE(D16,G16,J16)
A17: 12 | B17: 1.88 | C17: 487 | D17: 8.1166667 | E17: 1.95 | F17: =G17*60 | G17: 8.44 | H17: 1.96 | I17: =J17*60 | J17: 8.47 | K17: =AVERAGE(B17,E17,H17) | L17: =AVERAGE(C17,F17,I17) | M17: =AVERAGE(D17,G17,J17)

Sheet อัตราการไหลท่อฝั่งทางเข้าอ่าง
A1: Flow rate measuring experiment
A2: อ่างเก็บน้ำแม่นาเรือ
A3: 1. ท่อน้ำออก ฝั่งทางเข้าอ่าง | B3: ท่อ HDPE 355 mm. (outer surface) 26.1 mm thickness PN125 | H3: ระยะห่างหัววัด 411.4 mm.
A4: จำนวนรอบที่เปิดวาล์ว | B4: รอบที่ 1 | E4: รอบที่ 2 | H4: รอบที่ 3 | K4: Avg
B5: V (m/s) | C5: Q (M3/h) | D5: Q (M3/min) | E5: V (m/s) | F5: Q (M3/h) | G5: Q (M3/min) | H5: V (m/s) | I5: Q (M3/h) | J5: Q (M3/min) | K5: V (m/s) | L5: Q (M3/h) | M5: Q (M3/min)
A6: 1 | B6: 0 | C6: =D6*60 | D6: 0 | E6: 0 | F6: =G6*60 | G6: 0 | H6: 0 | I6: =J6*60 | J6: 0 | K6: 0 | L6: =M6*60 | M6: 0
A7: 2 | B7: 0.05 | C7: =D7*60 | D7: 0.23 | E7: 0.05 | F7: =G7*60 | G7: 0.23 | H7: 0.05 | I7: =J7*60 | J7: 0.23 | K7: =AVERAGE(B7,E7,H7) | L7: =M7*60 | M7: =AVERAGE(D7,G7,J7)
A8: 3 | B8: 0.27 | C8: =D8*60 | D8: 1.17 | E8: 0.29 | F8: =G8*60 | G8: 1.28 | H8: 0.29 | I8: =J8*60 | J8: 1.24 | K8: =AVERAGE(B8,E8,H8) | L8: =M8*60 | M8: =AVERAGE(D8,G8,J8)
A9: 4 | B9: 0.57 | C9: =D9*60 | D9: 2.46 | E9: 0.57 | F9: =G9*60 | G9: 2.48 | H9: 0.56 | I9: =J9*60 | J9: 2.43 | K9: =AVERAGE(B9,E9,H9) | L9: =M9*60 | M9: =AVERAGE(D9,G9,J9)
A10: 5 | B10: 0.77 | C10: =D10*60 | D10: 3.33 | E10: 0.82 | F10: =G10*60 | G10: 3.57 | H10: 0.77 | I10: =J10*60 | J10: 3.33 | K10: =AVERAGE(B10,E10,H10) | L10: =M10*60 | M10: =AVERAGE(D10,G10,J10)
A11: 6 | B11: 0.89 | C11: =D11*60 | D11: 3.87 | E11: 0.87 | F11: =G11*60 | G11: 3.79 | H11: 0.91 | I11: =J11*60 | J11: 3.95 | K11: =AVERAGE(B11,E11,H11) | L11: =M11*60 | M11: =AVERAGE(D11,G11,J11) | N11: ระดับระบายหน้าฝน
A12: 7 | B12: 0.97 | C12: =D12*60 | D12: 4.21 | E12: 0.96 | F12: =G12*60 | G12: 4.15 | H12: 1 | I12: =J12*60 | J12: 4.35 | K12: =AVERAGE(B12,E12,H12) | L12: =M12*60 | M12: =AVERAGE(D12,G12,J12)
A13: 8 | B13: 1.05 | C13: =D13*60 | D13: 4.54 | E13: 1.06 | F13: =G13*60 | G13: 4.61 | H13: 1.07 | I13: =J13*60 | J13: 4.64 | K13: =AVERAGE(B13,E13,H13) | L13: =M13*60 | M13: =AVERAGE(D13,G13,J13)
A14: 9 | B14: 1.06 | C14: =D14*60 | D14: 4.61 | E14: 1.07 | F14: =G14*60 | G14: 4.66 | H14: 1.09 | I14: =J14*60 | J14: 4.74 | K14: =AVERAGE(B14,E14,H14) | L14: =M14*60 | M14: =AVERAGE(D14,G14,J14)
A15: 10 | B15: 1.05 | C15: =D15*60 | D15: 4.56 | E15: 1.08 | F15: =G15*60 | G15: 4.7 | H15: 1.12 | I15: =J15*60 | J15: 4.85 | K15: =AVERAGE(B15,E15,H15) | L15: =M15*60 | M15: =AVERAGE(D15,G15,J15)
A16: 11 | B16: 1.06 | C16: =D16*60 | D16: 4.59 | E16: 1.08 | F16: =G16*60 | G16: 4.7 | H16: 1.12 | I16: =J16*60 | J16: 4.86 | K16: =AVERAGE(B16,E16,H16) | L16: =M16*60 | M16: =AVERAGE(D16,G16,J16)

Sheet ตารางปล่อยน้ำ
A1: ครั้งที่ | B1: วันที่ปล่อยน้ำ | C1: เวลาเริ่มปล่อยน้ำ | D1: จำนวนรอบที่เปิดวาล์ว (รอบ) | E1: วันที่ปิดน้ำ | F1: เวลาที่ปิดน้ำ | G1: คิดเป็นปริมาณน้ำ (ลบ.ม.) | H1: ฝั่งท่อน้ำออก | I1: วัตถุประสงค์การปล่อยน้ำ | J1: กรณีจ่ายน้ำเพื่อการเกษตร พื้นที่ขอใช้น้ำ (ปลูกอะไรบ้าง รวมกี่ไร่)
A2: 1 | B2: 26 มิ.ย 68 | C2: 10 | D2: 6 | E2: 14 ต.ค 68 | F2: 13 | H2: สปิลเวย์ | I2: ระบายน้ำเพื่อรองรับน้ำฝน
A3: 2 | B3: 26 มิ.ย 68 | C3: 10 | D3: 6 | E3: 14 ต.ค 68 | F3: 13 | H3: ทางเข้าอ่าง | I3: ระบายน้ำเพื่อรองรับน้ำฝน
A4: 3 | B4: 18 ต.ค 68 | C4: 10 | D4: 6 | E4: 6 พ.ย 69 | F4: 10 | G4: =480*'อัตราการไหล ท่อฝั่งspillway'!L11 | H4: สปิลเวย์ | I4: เพื่อการเกษตร
A5: 4 | B5: 18 ต.ค 68 | C5: 10 | D5: 6 | E5: 7 พ.ย 69 | F5: 10 | G5: =504*อัตราการไหลท่อฝั่งทางเข้าอ่าง!L11 | H5: ทางเข้าอ่าง | I5: เพื่อการเกษตร
A6: 5 | B6: 6 ม.ค 69 | C6: 10 | D6: 6 | E6: 8 ม.ค 69 | F6: 10 | G6: =48*อัตราการไหลท่อฝั่งทางเข้าอ่าง!L11 | H6: ทางเข้าอ่าง | I6: เพื่อการเกษตร

Sheet น้ำล้นสปิลเวย์
A1: date | B1: time | C1: rainfall | D1: water_level | E1: water_level (ADJ) | F1: Spillway_level | G1: H (M.) | H1: C | I1: Q (m3/s) | J1: Q (m3/m) | K1: Q (m3/h)
A2: 45834.75 | B2: =MOD(A2,1) | C2: 0 | D2: 489.49503 | E2: =D2-0.155 | F2: 489.545 | G2: =IF(E2 - F2 < 0, 0, E2 - F2) | H2: 1.82 | I2: =1.82*30*(G2^1.5) | J2: =I2*60 | K2: =(I2*86400)/24
A3: 45834.792 | B3: =MOD(A3,1) | C3: 0 | D3: 489.488 | E3: =D3-0.155 | F3: 489.545 | G3: =IF(E3 - F3 < 0, 0, E3 - F3) | H3: 1.82 | I3: =1.82*30*(G3^1.5) | J3: =I3*60 | K3: =(I3*86400)/24
A4: 45834.833 | B4: =MOD(A4,1) | C4: 0 | D4: 489.489 | E4: =D4-0.155 | F4: 489.545 | G4: =IF(E4 - F4 < 0, 0, E4 - F4) | H4: 1.82 | I4: =1.82*30*(G4^1.5) | J4: =I4*60 | K4: =(I4*86400)/24
A5: 45834.875 | B5: =MOD(A5,1) | C5: 0 | D5: 489.488 | E5: =D5-0.155 | F5: 489.545 | G5: =IF(E5 - F5 < 0, 0, E5 - F5) | H5: 1.82 | I5: =1.82*30*(G5^1.5) | J5: =I5*60 | K5: =(I5*86400)/24
A6: 45834.917 | B6: =MOD(A6,1) | C6: 0 | D6: 489.489 | E6: =D6-0.155 | F6: 489.545 | G6: =IF(E6 - F6 < 0, 0, E6 - F6) | H6: 1.82 | I6: =1.82*30*(G6^1.5) | J6: =I6*60 | K6: =(I6*86400)/24
A7: 45834.958 | B7: =MOD(A7,1) | C7: 0 | D7: 489.49503 | E7: =D7-0.155 | F7: 489.545 | G7: =IF(E7 - F7 < 0, 0, E7 - F7) | H7: 1.82 | I7: =1.82*30*(G7^1.5) | J7: =I7*60 | K7: =(I7*86400)/24
A8: 45835 | B8: =MOD(A8,1) | C8: 0 | D8: 489.488 | E8: =D8-0.155 | F8: 489.545 | G8: =IF(E8 - F8 < 0, 0, E8 - F8) | H8: 1.82 | I8: =1.82*30*(G8^1.5) | J8: =I8*60 | K8: =(I8*86400)/24
A9: 45835.042 | B9: =MOD(A9,1) | C9: 0 | D9: 489.488 | E9: =D9-0.155 | F9: 489.545 | G9: =IF(E9 - F9 < 0, 0, E9 - F9) | H9: 1.82 | I9: =1.82*30*(G9^1.5) | J9: =I9*60 | K9: =(I9*86400)/24
A10: 45835.083 | B10: =MOD(A10,1) | C10: 0 | D10: 489.489 | E10: =D10-0.155 | F10: 489.545 | G10: =IF(E10 - F10 < 0, 0, E10 - F10) | H10: 1.82 | I10: =1.82*30*(G10^1.5) | J10: =I10*60 | K10: =(I10*86400)/24
A11: 45835.125 | B11: =MOD(A11,1) | C11: 0 | D11: 489.488 | E11: =D11-0.155 | F11: 489.545 | G11: =IF(E11 - F11 < 0, 0, E11 - F11) | H11: 1.82 | I11: =1.82*30*(G11^1.5) | J11: =I11*60 | K11: =(I11*86400)/24
A12: 45835.167 | B12: =MOD(A12,1) | C12: 0 | D12: 489.488 | E12: =D12-0.155 | F12: 489.545 | G12: =IF(E12 - F12 < 0, 0, E12 - F12) | H12: 1.82 | I12: =1.82*30*(G12^1.5) | J12: =I12*60 | K12: =(I12*86400)/24
A13: 45835.208 | B13: =MOD(A13,1) | C13: 0 | D13: 489.49503 | E13: =D13-0.155 | F13: 489.545 | G13: =IF(E13 - F13 < 0, 0, E13 - F13) | H13: 1.82 | I13: =1.82*30*(G13^1.5) | J13: =I13*60 | K13: =(I13*86400)/24
... A1758: 45907.917 | B1758: =MOD(A1758,1) | C1758: 0 | D1758: 489.56 | E1758: =D1758-0.155 | F1758: 489.545 | G1758: =IF(E1758 - F1758 < 0, 0, E1758 - F1758) | H1758: 1.82 | I1758: =1.82*30*(G1758^1.5) | J1758: =I1758*60 | K1758: =(I1758*86400)/24
