Workbook

Sheet Config
A1: Parameter | B1: Value | C1: Notes
A2: Reservoir_Name | B2: Mae Na Rua
A3: AsOf_Time | B3: 07:00 | C3: Reference time for 'Date' row
A4: Storage_Max_m3 | B4: 1625463.8 | C4: S_max (m³) at full supply level
A5: API_k | B5: 0.95 | C5: Antecedent Precipitation Index decay (0.90–0.98) | D5: ตัวแทนความชื้นลุ่มน้ำ
A6: Days_in_Year | B6: 365 | C6: Use 366 if you prefer leap-year handling

Sheet Daily_Input
A1: Date (YYYY-MM-DD) | B1: AsOf_Time (HH:MM) | C1: Reservoir_Name | D1: Water_Level_MSL (m) | E1: Storage_S (m³) | F1: Q_in (m³/day) [Observed] | G1: Outflow_O (m³/day) | H1: Spill (m³/day) | I1: Rain_24h (mm) [Observed] | J1: Rain_Direct_to_Reservoir (m³/day) | K1: Evaporation_E (m³/day) | L1: Infiltration (m³/day) | M1: Notes / QC Flags | N1: Rain_Forecast_d1 (mm) [Issued at t] | O1: Rain_Forecast_d2 (mm) [Issued at t] | P1: Rain_Forecast_d3 (mm) [Issued at t] | Q1: Rain_Forecast_d4 (mm) [Issued at t] | R1: Rain_Forecast_d5 (mm) [Issued at t] | S1: Rain_Forecast_d6 (mm) [Issued at t] | T1: Rain_Forecast_d7 (mm) [Issued at t] | U1: Rain_Forecast_d8 (mm) [Issued at t] | V1: Rain_Forecast_d9 (mm) [Issued at t] | W1: Rain_Forecast_d10 (mm) [Issued at t] | X1: Rain_Forecast_d11 (mm) [Issued at t] | Y1: Rain_Forecast_d12 (mm) [Issued at t] | Z1: Rain_Forecast_d13 (mm) [Issued at t] | AA1: Rain_Forecast_d14 (mm) [Issued at t]
A2: 45839 | B2: =Config!$B$3 -> 07:00 | C2: =Config!$B$2 -> Mae Na Rua | D2: 489.518 | E2: 1616447.3 | F2: 15833.164 | G2: 15019.2 | H2: 0 | I2: 0 | J2: 0 | K2: 813.96373 | L2: 0
A3: 45840 | B3: =Config!$B$3 -> 07:00 | C3: =Config!$B$2 -> Mae Na Rua | D3: 489.524 | E3: 1619451.3 | F3: 17695.813 | G3: 15019.2 | H3: 0 | I3: 3.8 | J3: 1141.7811 | K3: 814.37686 | L3: 0
A4: 45841 | B4: =Config!$B$3 -> 07:00 | C4: =Config!$B$2 -> Mae Na Rua | D4: 489.524 | E4: 1619451.3 | F4: 16246.518 | G4: 15019.2 | H4: 412.94112 | I4: 0 | J4: 0 | K4: 814.37686 | L4: 0
A5: 45842 | B5: =Config!$B$3 -> 07:00 | C5: =Config!$B$2 -> Mae Na Rua | D5: 489.557 | E5: 1628472.3 | F5: 21645.221 | G5: 15019.2 | H5: 5877.4746 | I5: 30.2 | J5: 9088.068 | K5: 815.62547 | L5: 0
A6: 45843 | B6: =Config!$B$3 -> 07:00 | C6: =Config!$B$2 -> Mae Na Rua | D6: 489.557 | E6: 1628472.3 | F6: 22384.726 | G6: 15019.2 | H6: 6670.2723 | I6: 0.4 | J6: 120.37176 | K6: 815.62547 | L6: 0
A7: 45844 | B7: =Config!$B$3 -> 07:00 | C7: =Config!$B$2 -> Mae Na Rua | D7: 489.577 | E7: 1634494 | F7: 41409.762 | G7: 15019.2 | H7: 24733.704 | I7: 17.2 | J7: 5181.3185 | K7: 816.4658 | L7: 0
A8: 45845 | B8: =Config!$B$3 -> 07:00 | C8: =Config!$B$2 -> Mae Na Rua | D8: 489.577 | E8: 1634494 | F8: 41376.631 | G8: 15019.2 | H8: 25540.965 | I8: 0 | J8: 0 | K8: 816.4658 | L8: 0
A9: 45846 | B9: =Config!$B$3 -> 07:00 | C9: =Config!$B$2 -> Mae Na Rua | D9: 489.577 | E9: 1634494 | F9: 38399.785 | G9: 15019.2 | H9: 22564.119 | I9: 0 | J9: 0 | K9: 816.4658 | L9: 0
A10: 45847 | B10: =Config!$B$3 -> 07:00 | C10: =Config!$B$2 -> Mae Na Rua | D10: 489.57 | E10: 1634494 | F10: 33609.808 | G10: 15019.2 | H10: 17774.142 | I10: 0 | J10: 0 | K10: 816.4658 | L10: 0
A11: 45848 | B11: =Config!$B$3 -> 07:00 | C11: =Config!$B$2 -> Mae Na Rua | D11: 489.564 | E11: 1631482.4 | F11: 16375.722 | G11: 15019.2 | H11: 6141.422 | I11: 8.6 | J11: 2589.3238 | K11: 816.04492 | L11: 0
A12: 45849 | B12: =Config!$B$3 -> 07:00 | C12: =Config!$B$2 -> Mae Na Rua | D12: 489.544 | E12: 1625463.8 | F12: 9394.6862 | G12: 15019.2 | H12: 0 | I12: 1.4 | J12: 421.08536 | K12: 815.20768 | L12: 0
A13: 45850 | B13: =Config!$B$3 -> 07:00 | C13: =Config!$B$2 -> Mae Na Rua | D13: 489.531 | E13: 1622456.8 | F13: 20229.445 | G13: 15019.2 | H13: 8965.6721 | I13: 5.2 | J13: 1563.2329 | K13: 814.79152 | L13: 0
... A192: 46029 | B192: =Config!$B$3 -> 07:00 | C192: =Config!$B$2 -> Mae Na Rua | D192: 489.575 | E192: 1634494 | F192: 21863.172 | G192: 5572.8 | H192: 18630.023 | I192: 0 | J192: 0 | K192: 673.55197 | L192: 0
A193: 46030 | B193: =Config!$B$3 -> 07:00 | C193: =Config!$B$2 -> Mae Na Rua | D193: 489.542 | E193: 1625463.8 | F193: 0 | G193: 2554.2 | H193: 333.77068 | I193: 0 | J193: 0 | K193: 672.51408 | L193: 0 | M193: 1
A194: 46031 | B194: =Config!$B$3 -> 07:00 | C194: =Config!$B$2 -> Mae Na Rua | D194: 489.543 | E194: 1625463.8 | F194: 3295.9428 | G194: 0 | H194: 2623.4287 | I194: 0 | J194: 0 | K194: 672.51408 | L194: 0
A195: 46032 | B195: =Config!$B$3 -> 07:00 | C195: =Config!$B$2 -> Mae Na Rua | D195: 489.556 | E195: 1628472.3 | F195: 9477.7434 | G195: 0 | H195: 5796.338 | I195: 0 | J195: 0 | K195: 672.85874 | L195: 0
A196: 46033 | B196: =Config!$B$3 -> 07:00 | C196: =Config!$B$2 -> Mae Na Rua | D196: 489.555 | E196: 1628472.3 | F196: 9670.7439 | G196: 0 | H196: 8997.8851 | I196: 0 | J196: 0 | K196: 672.85874 | L196: 0
A197: 46034 | B197: =Config!$B$3 -> 07:00 | C197: =Config!$B$2 -> Mae Na Rua | D197: 489.561 | E197: 1631482.4 | F197: 16398.032 | G197: 0 | H197: 12714.738 | I197: 0 | J197: 0 | K197: 673.20476 | L197: 0
A198: 46035 | B198: =Config!$B$3 -> 07:00 | C198: =Config!$B$2 -> Mae Na Rua | D198: 489.561 | E198: 1631482.4 | F198: 15268.127 | G198: 0 | H198: 14594.923 | I198: 0 | J198: 0 | K198: 673.20476 | L198: 0
A199: 46036 | B199: =Config!$B$3 -> 07:00 | C199: =Config!$B$2 -> Mae Na Rua | D199: 489.568 | E199: 1631482.4 | F199: 18926.447 | G199: 0 | H199: 18253.242 | I199: 0 | J199: 0 | K199: 673.20476 | L199: 0
A200: 46037 | B200: =Config!$B$3 -> 07:00 | C200: =Config!$B$2 -> Mae Na Rua | D200: 489.568 | E200: 1631482.4 | F200: 21424.641 | G200: 0 | H200: 20751.436 | I200: 0 | J200: 0 | K200: 673.20476 | L200: 0
A201: 46038 | B201: =Config!$B$3 -> 07:00 | C201: =Config!$B$2 -> Mae Na Rua | D201: 489.568 | E201: 1631482.4 | F201: 21919.955 | G201: 0 | H201: 21246.75 | I201: 0 | J201: 0 | K201: 673.20476 | L201: 0
A202: 46039 | B202: =Config!$B$3 -> 07:00 | C202: =Config!$B$2 -> Mae Na Rua | D202: 489.568 | E202: 1631482.4 | F202: 20765.389 | G202: 0 | H202: 20092.184 | I202: 0 | J202: 0 | K202: 673.20476 | L202: 0
A203: 46040 | B203: =Config!$B$3 -> 07:00 | C203: =Config!$B$2 -> Mae Na Rua | D203: 489.568 | E203: 1631482.4 | F203: 17617.496 | G203: 0 | H203: 16944.291 | I203: 0 | J203: 0 | K203: 673.20476 | L203: 0
A204: 46041 | B204: =Config!$B$3 -> 07:00 | C204: =Config!$B$2 -> Mae Na Rua | D204: 489.568 | E204: 1631482.4 | F204: 17352.361 | G204: 0 | H204: 16679.156 | I204: 0 | J204: 0 | K204: 673.20476 | L204: 0
A205: 46042 | B205: =Config!$B$3 -> 07:00 | C205: =Config!$B$2 -> Mae Na Rua | D205: 489.568 | E205: 1631482.4 | F205: 17498.206 | G205: 0 | H205: 16825.001 | I205: 0 | J205: 0 | K205: 673.20476 | L205: 0
... A216: 46053 | B216: =Config!$B$3 -> 07:00 | C216: =Config!$B$2 -> Mae Na Rua | D216: 489.567 | E216: 1631482.4 | F216: 20003.431 | G216: 0 | H216: 19330.227 | I216: 0 | J216: 0 | K216: 673.20476 | L216: 0

Sheet Training_Ready
A1: Date | B1: Q_in_t (m³/day) | C1: Water_Level_t (m) | D1: Storage_S_t (m³) | E1: DeltaS_t (m³/day) | F1: %Full_t | G1: Rain_obs_t (mm) | H1: API_t (mm) | I1: DOY | J1: DOY_sin | K1: DOY_cos | L1: Q_lag1 (m³/day) | M1: Q_lag2 (m³/day) | N1: Q_lag3 (m³/day) | O1: Q_lag4 (m³/day) | P1: Q_lag5 (m³/day) | Q1: Q_lag6 (m³/day) | R1: Q_lag7 (m³/day) | S1: Q_lag8 (m³/day) | T1: Q_lag9 (m³/day) | U1: Q_lag10 (m³/day) | V1: Q_lag11 (m³/day) | W1: Q_lag12 (m³/day) | X1: Q_lag13 (m³/day) | Y1: Q_lag14 (m³/day) | Z1: Rain_obs_sum3 (mm) | AA1: Rain_obs_sum7 (mm) | AB1: Rain_obs_sum14 (mm) | AC1: Q_mean_3d | AD1: Q_mean_7d | AE1: Q_max_7d | AF1: Outflow_lag1 (m³/day) | AG1: Spill_lag1 (m³/day) | AH1: Outflow_lag2 (m³/day) | AI1: Spill_lag2 (m³/day) | AJ1: Outflow_lag3 (m³/day) | AK1: Spill_lag3 (m³/day) | AL1: Rain_fcst_d1 (mm) | AM1: Rain_fcst_d2 (mm) | AN1: Rain_fcst_d3 (mm) | AO1: Rain_fcst_d4 (mm) | AP1: Rain_fcst_d5 (mm) | AQ1: Rain_fcst_d6 (mm) | AR1: Rain_fcst_d7 (mm) | AS1: Rain_fcst_d8 (mm) | AT1: Rain_fcst_d9 (mm) | AU1: Rain_fcst_d10 (mm) | AV1: Rain_fcst_d11 (mm) | AW1: Rain_fcst_d12 (mm) | AX1: Rain_fcst_d13 (mm) | AY1: Rain_fcst_d14 (mm) | AZ1: Rain_fcst_sum1_3 (mm) | BA1: Rain_fcst_sum1_7 (mm) | BB1: Rain_fcst_sum1_14 (mm) | BC1: Rain_fcst_max1_7 (mm) | BD1: y1=Q_in_t+1 (m³/day) | BE1: y2=Q_in_t+2 (m³/day) | BF1: y3=Q_in_t+3 (m³/day) | BG1: y4=Q_in_t+4 (m³/day) | BH1: y5=Q_in_t+5 (m³/day) | BI1: y6=Q_in_t+6 (m³/day) | BJ1: y7=Q_in_t+7 (m³/day) | BK1: y8=Q_in_t+8 (m³/day) | BL1: y9=Q_in_t+9 (m³/day) | BM1: y10=Q_in_t+10 (m³/day) | BN1: y11=Q_in_t+11 (m³/day) | BO1: y12=Q_in_t+12 (m³/day) | BP1: y13=Q_in_t+13 (m³/day) | BQ1: y14=Q_in_t+14 (m³/day)
A2: =Daily_Input!A2 -> 45839 | B2: =Daily_Input!F2 -> 15833.164 | C2: =Daily_Input!D2 -> 489.518 | D2: =Daily_Input!E2 -> 1616447.3 | E2: 0 | F2: =IFERROR(Daily_Input!E2/Config!$B$4,"") -> 0.99445299 | G2: =Daily_Input!I2 -> 0 | H2: =IF(A2="","",IF(ROW()=2,G2,Config!$B$5*H1+G2)) -> 0 | I2: =IF(A2="","",A2-DATE(YEAR(A2),1,0)) -> 182 | J2: =IF(I2="","",SIN(2*PI()*I2/Config!$B$6)) -> 0.0086069969 | K2: =IF(I2="","",COS(2*PI()*I2/Config!$B$6)) -> -0.99996296 | L2: =IF(ROW()<=2+0,"",INDEX(Daily_Input!$F:$F,ROW()-1)) | M2: =IF(ROW()<=2+1,"",INDEX(Daily_Input!$F:$F,ROW()-2)) | N2: =IF(ROW()<=2+2,"",INDEX(Daily_Input!$F:$F,ROW()-3)) | O2: =IF(ROW()<=2+3,"",INDEX(Daily_Input!$F:$F,ROW()-4)) | P2: =IF(ROW()<=2+4,"",INDEX(Daily_Input!$F:$F,ROW()-5)) | Q2: =IF(ROW()<=2+5,"",INDEX(Daily_Input!$F:$F,ROW()-6)) | R2: =IF(ROW()<=2+6,"",INDEX(Daily_Input!$F:$F,ROW()-7)) | S2: =IF(ROW()<=2+7,"",INDEX(Daily_Input!$F:$F,ROW()-8)) | T2: =IF(ROW()<=2+8,"",INDEX(Daily_Input!$F:$F,ROW()-9)) | U2: =IF(ROW()<=2+9,"",INDEX(Daily_Input!$F:$F,ROW()-10)) | V2: =IF(ROW()<=2+10,"",INDEX(Daily_Input!$F:$F,ROW()-11)) | W2: =IF(ROW()<=2+11,"",INDEX(Daily_Input!$F:$F,ROW()-12)) | X2: =IF(ROW()<=2+12,"",INDEX(Daily_Input!$F:$F,ROW()-13)) | Y2: =IF(ROW()<=2+13,"",INDEX(Daily_Input!$F:$F,ROW()-14)) | Z2: =IF(ROW()<=4,"",SUM(Daily_Input!I2:I4)) | AA2: =IF(ROW()<=8,"",SUM(Daily_Input!I2:I8)) | AB2: =IF(ROW()<=15,"",SUM(Daily_Input!I2:I15)) | AC2: =IF(ROW()<=4,"",AVERAGE(Daily_Input!F2:F4)) | AD2: =IF(ROW()<=8,"",AVERAGE(Daily_Input!F2:F8)) | AE2: =IF(ROW()<=8,"",MAX(Daily_Input!F2:F8)) | AF2: =IF(ROW()<=2+0,"",INDEX(Daily_Input!$G:$G,ROW()-1)) | AG2: =IF(ROW()<=2+0,"",INDEX(Daily_Input!$H:$H,ROW()-1)) | AH2: =IF(ROW()<=2+1,"",INDEX(Daily_Input!$G:$G,ROW()-2)) | AI2: =IF(ROW()<=2+1,"",INDEX(Daily_Input!$H:$H,ROW()-2)) | AJ2: =IF(ROW()<=2+2,"",INDEX(Daily_Input!$G:$G,ROW()-3)) | AK2: =IF(ROW()<=2+2,"",INDEX(Daily_Input!$H:$H,ROW()-3)) | AL2: =Daily_Input!N2 -> 0 | AM2: =Daily_Input!O2 -> 0 | AN2: =Daily_Input!P2 -> 0 | AO2: =Daily_Input!Q2 -> 0 | AP2: =Daily_Input!R2 -> 0 | AQ2: =Daily_Input!S2 -> 0 | AR2: =Daily_Input!T2 -> 0 | AS2: =Daily_Input!U2 -> 0 | ... AY2: =Daily_Input!AA2 -> 0 | AZ2: =IF(A2="","",SUM(AL2:AN2)) -> 0 | BA2: =IF(A2="","",SUM(AL2:AR2)) -> 0 | BB2: =IF(A2="","",SUM(AL2:AY2)) -> 0 | BC2: =IF(A2="","",MAX(AL2:AR2)) -> 0 | BD2: =IF(A2="","",IFERROR(INDEX(Daily_Input!$F:$F,ROW()+1),"")) -> 17695.813 | BE2: =IF(A2="","",IFERROR(INDEX(Daily_Input!$F:$F,ROW()+2),"")) -> 16246.518 | BF2: =IF(A2="","",IFERROR(INDEX(Daily_Input!$F:$F,ROW()+3),"")) -> 21645.221 | BG2: =IF(A2="","",IFERROR(INDEX(Daily_Input!$F:$F,ROW()+4),"")) -> 22384.726 | BH2: =IF(A2="","",IFERROR(INDEX(Daily_Input!$F:$F,ROW()+5),"")) -> 41409.762 | BI2: =IF(A2="","",IFERROR(INDEX(Daily_Input!$F:$F,ROW()+6),"")) -> 41376.631 | BJ2: =IF(A2="","",IFERROR(INDEX(Daily_Input!$F:$F,ROW()+7),"")) -> 38399.785 | BK2: =IF(A2="","",IFERROR(INDEX(Daily_Input!$F:$F,ROW()+8),"")) -> 33609.808 | BL2: =IF(A2="","",IFERROR(INDEX(Daily_Input!$F:$F,ROW()+9),"")) -> 16375.722 | BM2: =IF(A2="","",IFERROR(INDEX(Daily_Input!$F:$F,ROW()+10),"")) -> 9394.6862 | BN2: =IF(A2="","",IFERROR(INDEX(Daily_Input!$F:$F,ROW()+11),"")) -> 20229.445 | BO2: =IF(A2="","",IFERROR(INDEX(Daily_Input!$F:$F,ROW()+12),"")) -> 62078.747 | BP2: =IF(A2="","",IFERROR(INDEX(Daily_Input!$F:$F,ROW()+13),"")) -> 48074.295 | BQ2: =IF(A2="","",IFERROR(INDEX(Daily_Input!$F:$F,ROW()+14),"")) -> 37913.493
A3: =Daily_Input!A3 -> 45840 | B3: =Daily_Input!F3 -> 17695.813 | C3: =Daily_Input!D3 -> 489.524 | D3: =Daily_Input!E3 -> 1619451.3 | E3: =IF(ROW()=2,"",Daily_Input!E3-Daily_Input!E2) -> 3004.017 | F3: =IFERROR(Daily_Input!E3/Config!$B$4,"") -> 0.99630109 | G3: =Daily_Input!I3 -> 3.8 | H3: =IF(A3="","",IF(ROW()=2,G3,Config!$B$5*H2+G3)) -> 3.8 | I3: =IF(A3="","",A3-DATE(YEAR(A3),1,0)) -> 183 | J3: =IF(I3="","",SIN(2*PI()*I3/Config!$B$6)) -> -0.0086069969 | K3: =IF(I3="","",COS(2*PI()*I3/Config!$B$6)) -> -0.99996296 | L3: =IF(ROW()<=2+0,"",INDEX(Daily_Input!$F:$F,ROW()-1)) -> 15833.164 | M3: =IF(ROW()<=2+1,"",INDEX(Daily_Input!$F:$F,ROW()-2)) | N3: =IF(ROW()<=2+2,"",INDEX(Daily_Input!$F:$F,ROW()-3)) | O3: =IF(ROW()<=2+3,"",INDEX(Daily_Input!$F:$F,ROW()-4)) | P3: =IF(ROW()<=2+4,"",INDEX(Daily_Input!$F:$F,ROW()-5)) | Q3: =IF(ROW()<=2+5,"",INDEX(Daily_Input!$F:$F,ROW()-6)) | R3: =IF(ROW()<=2+6,"",INDEX(Daily_Input!$F:$F,ROW()-7)) | S3: =IF(ROW()<=2+7,"",INDEX(Daily_Input!$F:$F,ROW()-8)) | T3: =IF(ROW()<=2+8,"",INDEX(Daily_Input!$F:$F,ROW()-9)) | U3: =IF(ROW()<=2+9,"",INDEX(Daily_Input!$F:$F,ROW()-10)) | V3: =IF(ROW()<=2+10,"",INDEX(Daily_Input!$F:$F,ROW()-11)) | W3: =IF(ROW()<=2+11,"",INDEX(Daily_Input!$F:$F,ROW()-12)) | X3: =IF(ROW()<=2+12,"",INDEX(Daily_Input!$F:$F,ROW()-13)) | Y3: =IF(ROW()<=2+13,"",INDEX(Daily_Input!$F:$F,ROW()-14)) | Z3: =IF(ROW()<=4,"",SUM(Daily_Input!I3:I5)) | AA3: =IF(ROW()<=8,"",SUM(Daily_Input!I3:I9)) | AB3: =IF(ROW()<=15,"",SUM(Daily_Input!I3:I16)) | AC3: =IF(ROW()<=4,"",AVERAGE(Daily_Input!F3:F5)) | AD3: =IF(ROW()<=8,"",AVERAGE(Daily_Input!F3:F9)) | AE3: =IF(ROW()<=8,"",MAX(Daily_Input!F3:F9)) | AF3: =IF(ROW()<=2+0,"",INDEX(Daily_Input!$G:$G,ROW()-1)) -> 15019.2 | AG3: =IF(ROW()<=2+0,"",INDEX(Daily_Input!$H:$H,ROW()-1)) -> 0 | AH3: =IF(ROW()<=2+1,"",INDEX(Daily_Input!$G:$G,ROW()-2)) | AI3: =IF(ROW()<=2+1,"",INDEX(Daily_Input!$H:$H,ROW()-2)) | AJ3: =IF(ROW()<=2+2,"",INDEX(Daily_Input!$G:$G,ROW()-3)) | AK3: =IF(ROW()<=2+2,"",INDEX(Daily_Input!$H:$H,ROW()-3))
A4: =Daily_Input!A4 -> 45841 | B4: =Daily_Input!F4 -> 16246.518 | C4: =Daily_Input!D4 -> 489.524 | D4: =Daily_Input!E4 -> 1619451.3 | E4: =IF(ROW()=2,"",Daily_Input!E4-Daily_Input!E3) -> 0 | F4: =IFERROR(Daily_Input!E4/Config!$B$4,"") -> 0.99630109 | G4: =Daily_Input!I4 -> 0 | H4: =IF(A4="","",IF(ROW()=2,G4,Config!$B$5*H3+G4)) -> 3.61 | I4: =IF(A4="","",A4-DATE(YEAR(A4),1,0)) -> 184 | J4: =IF(I4="","",SIN(2*PI()*I4/Config!$B$6)) -> -0.02581844 | K4: =IF(I4="","",COS(2*PI()*I4/Config!$B$6)) -> -0.99966665 | L4: =IF(ROW()<=2+0,"",INDEX(Daily_Input!$F:$F,ROW()-1)) -> 17695.813 | M4: =IF(ROW()<=2+1,"",INDEX(Daily_Input!$F:$F,ROW()-2)) -> 15833.164 | N4: =IF(ROW()<=2+2,"",INDEX(Daily_Input!$F:$F,ROW()-3)) | O4: =IF(ROW()<=2+3,"",INDEX(Daily_Input!$F:$F,ROW()-4)) | P4: =IF(ROW()<=2+4,"",INDEX(Daily_Input!$F:$F,ROW()-5)) | Q4: =IF(ROW()<=2+5,"",INDEX(Daily_Input!$F:$F,ROW()-6)) | R4: =IF(ROW()<=2+6,"",INDEX(Daily_Input!$F:$F,ROW()-7)) | S4: =IF(ROW()<=2+7,"",INDEX(Daily_Input!$F:$F,ROW()-8)) | T4: =IF(ROW()<=2+8,"",INDEX(Daily_Input!$F:$F,ROW()-9)) | U4: =IF(ROW()<=2+9,"",INDEX(Daily_Input!$F:$F,ROW()-10)) | V4: =IF(ROW()<=2+10,"",INDEX(Daily_Input!$F:$F,ROW()-11)) | W4: =IF(ROW()<=2+11,"",INDEX(Daily_Input!$F:$F,ROW()-12)) | X4: =IF(ROW()<=2+12,"",INDEX(Daily_Input!$F:$F,ROW()-13)) | Y4: =IF(ROW()<=2+13,"",INDEX(Daily_Input!$F:$F,ROW()-14)) | Z4: =IF(ROW()<=4,"",SUM(Daily_Input!I4:I6)) | AA4: =IF(ROW()<=8,"",SUM(Daily_Input!I4:I10)) | AB4: =IF(ROW()<=15,"",SUM(Daily_Input!I4:I17)) | AC4: =IF(ROW()<=4,"",AVERAGE(Daily_Input!F4:F6)) | AD4: =IF(ROW()<=8,"",AVERAGE(Daily_Input!F4:F10)) | AE4: =IF(ROW()<=8,"",MAX(Daily_Input!F4:F10)) | AF4: =IF(ROW()<=2+0,"",INDEX(Daily_Input!$G:$G,ROW()-1)) -> 15019.2 | AG4: =IF(ROW()<=2+0,"",INDEX(Daily_Input!$H:$H,ROW()-1)) -> 0 | AH4: =IF(ROW()<=2+1,"",INDEX(Daily_Input!$G:$G,ROW()-2)) -> 15019.2 | AI4: =IF(ROW()<=2+1,"",INDEX(Daily_Input!$H:$H,ROW()-2)) -> 0 | AJ4: =IF(ROW()<=2+2,"",INDEX(Daily_Input!$G:$G,ROW()-3)) | AK4: =IF(ROW()<=2+2,"",INDEX(Daily_Input!$H:$H,ROW()-3))
A5: =Daily_Input!A5 -> 45842 | B5: =Daily_Input!F5 -> 21645.221 | C5: =Daily_Input!D5 -> 489.557 | D5: =Daily_Input!E5 -> 1628472.3 | E5: =IF(ROW()=2,"",Daily_Input!E5-Daily_Input!E4) -> 9020.9887 | F5: =IFERROR(Daily_Input!E5/Config!$B$4,"") -> 1.0018509 | G5: =Daily_Input!I5 -> 30.2 | H5: =IF(A5="","",IF(ROW()=2,G5,Config!$B$5*H4+G5)) -> 33.6295 | I5: =IF(A5="","",A5-DATE(YEAR(A5),1,0)) -> 185 | J5: =IF(I5="","",SIN(2*PI()*I5/Config!$B$6)) -> -0.043022233 | K5: =IF(I5="","",COS(2*PI()*I5/Config!$B$6)) -> -0.99907412 | L5: =IF(ROW()<=2+0,"",INDEX(Daily_Input!$F:$F,ROW()-1)) -> 16246.518 | M5: =IF(ROW()<=2+1,"",INDEX(Daily_Input!$F:$F,ROW()-2)) -> 17695.813 | N5: =IF(ROW()<=2+2,"",INDEX(Daily_Input!$F:$F,ROW()-3)) -> 15833.164 | O5: =IF(ROW()<=2+3,"",INDEX(Daily_Input!$F:$F,ROW()-4)) | P5: =IF(ROW()<=2+4,"",INDEX(Daily_Input!$F:$F,ROW()-5)) | Q5: =IF(ROW()<=2+5,"",INDEX(Daily_Input!$F:$F,ROW()-6)) | R5: =IF(ROW()<=2+6,"",INDEX(Daily_Input!$F:$F,ROW()-7)) | S5: =IF(ROW()<=2+7,"",INDEX(Daily_Input!$F:$F,ROW()-8)) | T5: =IF(ROW()<=2+8,"",INDEX(Daily_Input!$F:$F,ROW()-9)) | U5: =IF(ROW()<=2+9,"",INDEX(Daily_Input!$F:$F,ROW()-10)) | V5: =IF(ROW()<=2+10,"",INDEX(Daily_Input!$F:$F,ROW()-11)) | W5: =IF(ROW()<=2+11,"",INDEX(Daily_Input!$F:$F,ROW()-12)) | X5: =IF(ROW()<=2+12,"",INDEX(Daily_Input!$F:$F,ROW()-13)) | Y5: =IF(ROW()<=2+13,"",INDEX(Daily_Input!$F:$F,ROW()-14)) | Z5: =IF(ROW()<=4,"",SUM(Daily_Input!I5:I7)) -> 47.8 | AA5: =IF(ROW()<=8,"",SUM(Daily_Input!I5:I11)) | AB5: =IF(ROW()<=15,"",SUM(Daily_Input!I5:I18)) | AC5: =IF(ROW()<=4,"",AVERAGE(Daily_Input!F5:F7)) -> 28479.903 | AD5: =IF(ROW()<=8,"",AVERAGE(Daily_Input!F5:F11)) | AE5: =IF(ROW()<=8,"",MAX(Daily_Input!F5:F11)) | AF5: =IF(ROW()<=2+0,"",INDEX(Daily_Input!$G:$G,ROW()-1)) -> 15019.2 | AG5: =IF(ROW()<=2+0,"",INDEX(Daily_Input!$H:$H,ROW()-1)) -> 412.94112 | AH5: =IF(ROW()<=2+1,"",INDEX(Daily_Input!$G:$G,ROW()-2)) -> 15019.2 | AI5: =IF(ROW()<=2+1,"",INDEX(Daily_Input!$H:$H,ROW()-2)) -> 0 | AJ5: =IF(ROW()<=2+2,"",INDEX(Daily_Input!$G:$G,ROW()-3)) -> 15019.2 | AK5: =IF(ROW()<=2+2,"",INDEX(Daily_Input!$H:$H,ROW()-3)) -> 0
A6: =Daily_Input!A6 -> 45843 | B6: =Daily_Input!F6 -> 22384.726 | C6: =Daily_Input!D6 -> 489.557 | D6: =Daily_Input!E6 -> 1628472.3 | E6: =IF(ROW()=2,"",Daily_Input!E6-Daily_Input!E5) -> 0 | F6: =IFERROR(Daily_Input!E6/Config!$B$4,"") -> 1.0018509 | G6: =Daily_Input!I6 -> 0.4 | H6: =IF(A6="","",IF(ROW()=2,G6,Config!$B$5*H5+G6)) -> 32.348025 | I6: =IF(A6="","",A6-DATE(YEAR(A6),1,0)) -> 186 | J6: =IF(I6="","",SIN(2*PI()*I6/Config!$B$6)) -> -0.060213277 | K6: =IF(I6="","",COS(2*PI()*I6/Config!$B$6)) -> -0.99818553 | L6: =IF(ROW()<=2+0,"",INDEX(Daily_Input!$F:$F,ROW()-1)) -> 21645.221 | M6: =IF(ROW()<=2+1,"",INDEX(Daily_Input!$F:$F,ROW()-2)) -> 16246.518 | N6: =IF(ROW()<=2+2,"",INDEX(Daily_Input!$F:$F,ROW()-3)) -> 17695.813 | O6: =IF(ROW()<=2+3,"",INDEX(Daily_Input!$F:$F,ROW()-4)) -> 15833.164 | P6: =IF(ROW()<=2+4,"",INDEX(Daily_Input!$F:$F,ROW()-5)) | Q6: =IF(ROW()<=2+5,"",INDEX(Daily_Input!$F:$F,ROW()-6)) | R6: =IF(ROW()<=2+6,"",INDEX(Daily_Input!$F:$F,ROW()-7)) | S6: =IF(ROW()<=2+7,"",INDEX(Daily_Input!$F:$F,ROW()-8)) | T6: =IF(ROW()<=2+8,"",INDEX(Daily_Input!$F:$F,ROW()-9)) | U6: =IF(ROW()<=2+9,"",INDEX(Daily_Input!$F:$F,ROW()-10)) | V6: =IF(ROW()<=2+10,"",INDEX(Daily_Input!$F:$F,ROW()-11)) | W6: =IF(ROW()<=2+11,"",INDEX(Daily_Input!$F:$F,ROW()-12)) | X6: =IF(ROW()<=2+12,"",INDEX(Daily_Input!$F:$F,ROW()-13)) | Y6: =IF(ROW()<=2+13,"",INDEX(Daily_Input!$F:$F,ROW()-14)) | Z6: =IF(ROW()<=4,"",SUM(Daily_Input!I6:I8)) -> 17.6 | AA6: =IF(ROW()<=8,"",SUM(Daily_Input!I6:I12)) | AB6: =IF(ROW()<=15,"",SUM(Daily_Input!I6:I19)) | AC6: =IF(ROW()<=4,"",AVERAGE(Daily_Input!F6:F8)) -> 35057.04 | AD6: =IF(ROW()<=8,"",AVERAGE(Daily_Input!F6:F12)) | AE6: =IF(ROW()<=8,"",MAX(Daily_Input!F6:F12)) | AF6: =IF(ROW()<=2+0,"",INDEX(Daily_Input!$G:$G,ROW()-1)) -> 15019.2 | AG6: =IF(ROW()<=2+0,"",INDEX(Daily_Input!$H:$H,ROW()-1)) -> 5877.4746 | AH6: =IF(ROW()<=2+1,"",INDEX(Daily_Input!$G:$G,ROW()-2)) -> 15019.2 | AI6: =IF(ROW()<=2+1,"",INDEX(Daily_Input!$H:$H,ROW()-2)) -> 412.94112 | AJ6: =IF(ROW()<=2+2,"",INDEX(Daily_Input!$G:$G,ROW()-3)) -> 15019.2 | AK6: =IF(ROW()<=2+2,"",INDEX(Daily_Input!$H:$H,ROW()-3)) -> 0
A7: =Daily_Input!A7 -> 45844 | B7: =Daily_Input!F7 -> 41409.762 | C7: =Daily_Input!D7 -> 489.577 | D7: =Daily_Input!E7 -> 1634494 | E7: =IF(ROW()=2,"",Daily_Input!E7-Daily_Input!E6) -> 6021.7108 | F7: =IFERROR(Daily_Input!E7/Config!$B$4,"") -> 1.0055555 | G7: =Daily_Input!I7 -> 17.2 | H7: =IF(A7="","",IF(ROW()=2,G7,Config!$B$5*H6+G7)) -> 47.930624 | I7: =IF(A7="","",A7-DATE(YEAR(A7),1,0)) -> 187 | J7: =IF(I7="","",SIN(2*PI()*I7/Config!$B$6)) -> -0.077386479 | K7: =IF(I7="","",COS(2*PI()*I7/Config!$B$6)) -> -0.99700117 | L7: =IF(ROW()<=2+0,"",INDEX(Daily_Input!$F:$F,ROW()-1)) -> 22384.726 | M7: =IF(ROW()<=2+1,"",INDEX(Daily_Input!$F:$F,ROW()-2)) -> 21645.221 | N7: =IF(ROW()<=2+2,"",INDEX(Daily_Input!$F:$F,ROW()-3)) -> 16246.518 | O7: =IF(ROW()<=2+3,"",INDEX(Daily_Input!$F:$F,ROW()-4)) -> 17695.813 | P7: =IF(ROW()<=2+4,"",INDEX(Daily_Input!$F:$F,ROW()-5)) -> 15833.164 | Q7: =IF(ROW()<=2+5,"",INDEX(Daily_Input!$F:$F,ROW()-6)) | R7: =IF(ROW()<=2+6,"",INDEX(Daily_Input!$F:$F,ROW()-7)) | S7: =IF(ROW()<=2+7,"",INDEX(Daily_Input!$F:$F,ROW()-8)) | T7: =IF(ROW()<=2+8,"",INDEX(Daily_Input!$F:$F,ROW()-9)) | U7: =IF(ROW()<=2+9,"",INDEX(Daily_Input!$F:$F,ROW()-10)) | V7: =IF(ROW()<=2+10,"",INDEX(Daily_Input!$F:$F,ROW()-11)) | W7: =IF(ROW()<=2+11,"",INDEX(Daily_Input!$F:$F,ROW()-12)) | X7: =IF(ROW()<=2+12,"",INDEX(Daily_Input!$F:$F,ROW()-13)) | Y7: =IF(ROW()<=2+13,"",INDEX(Daily_Input!$F:$F,ROW()-14)) | Z7: =IF(ROW()<=4,"",SUM(Daily_Input!I7:I9)) -> 17.2 | AA7: =IF(ROW()<=8,"",SUM(Daily_Input!I7:I13)) | AB7: =IF(ROW()<=15,"",SUM(Daily_Input!I7:I20)) | AC7: =IF(ROW()<=4,"",AVERAGE(Daily_Input!F7:F9)) -> 40395.392 | AD7: =IF(ROW()<=8,"",AVERAGE(Daily_Input!F7:F13)) | AE7: =IF(ROW()<=8,"",MAX(Daily_Input!F7:F13)) | AF7: =IF(ROW()<=2+0,"",INDEX(Daily_Input!$G:$G,ROW()-1)) -> 15019.2 | AG7: =IF(ROW()<=2+0,"",INDEX(Daily_Input!$H:$H,ROW()-1)) -> 6670.2723 | AH7: =IF(ROW()<=2+1,"",INDEX(Daily_Input!$G:$G,ROW()-2)) -> 15019.2 | AI7: =IF(ROW()<=2+1,"",INDEX(Daily_Input!$H:$H,ROW()-2)) -> 5877.4746 | AJ7: =IF(ROW()<=2+2,"",INDEX(Daily_Input!$G:$G,ROW()-3)) -> 15019.2 | AK7: =IF(ROW()<=2+2,"",INDEX(Daily_Input!$H:$H,ROW()-3)) -> 412.94112
A8: =Daily_Input!A8 -> 45845 | B8: =Daily_Input!F8 -> 41376.631 | C8: =Daily_Input!D8 -> 489.577 | D8: =Daily_Input!E8 -> 1634494 | E8: =IF(ROW()=2,"",Daily_Input!E8-Daily_Input!E7) -> 0 | F8: =IFERROR(Daily_Input!E8/Config!$B$4,"") -> 1.0055555 | G8: =Daily_Input!I8 -> 0 | H8: =IF(A8="","",IF(ROW()=2,G8,Config!$B$5*H7+G8)) -> 45.534093 | I8: =IF(A8="","",A8-DATE(YEAR(A8),1,0)) -> 188 | J8: =IF(I8="","",SIN(2*PI()*I8/Config!$B$6)) -> -0.09453675 | K8: =IF(I8="","",COS(2*PI()*I8/Config!$B$6)) -> -0.99552137 | L8: =IF(ROW()<=2+0,"",INDEX(Daily_Input!$F:$F,ROW()-1)) -> 41409.762 | M8: =IF(ROW()<=2+1,"",INDEX(Daily_Input!$F:$F,ROW()-2)) -> 22384.726 | N8: =IF(ROW()<=2+2,"",INDEX(Daily_Input!$F:$F,ROW()-3)) -> 21645.221 | O8: =IF(ROW()<=2+3,"",INDEX(Daily_Input!$F:$F,ROW()-4)) -> 16246.518 | P8: =IF(ROW()<=2+4,"",INDEX(Daily_Input!$F:$F,ROW()-5)) -> 17695.813 | Q8: =IF(ROW()<=2+5,"",INDEX(Daily_Input!$F:$F,ROW()-6)) -> 15833.164 | R8: =IF(ROW()<=2+6,"",INDEX(Daily_Input!$F:$F,ROW()-7)) | S8: =IF(ROW()<=2+7,"",INDEX(Daily_Input!$F:$F,ROW()-8)) | T8: =IF(ROW()<=2+8,"",INDEX(Daily_Input!$F:$F,ROW()-9)) | U8: =IF(ROW()<=2+9,"",INDEX(Daily_Input!$F:$F,ROW()-10)) | V8: =IF(ROW()<=2+10,"",INDEX(Daily_Input!$F:$F,ROW()-11)) | W8: =IF(ROW()<=2+11,"",INDEX(Daily_Input!$F:$F,ROW()-12)) | X8: =IF(ROW()<=2+12,"",INDEX(Daily_Input!$F:$F,ROW()-13)) | Y8: =IF(ROW()<=2+13,"",INDEX(Daily_Input!$F:$F,ROW()-14)) | Z8: =IF(ROW()<=4,"",SUM(Daily_Input!I8:I10)) -> 0 | AA8: =IF(ROW()<=8,"",SUM(Daily_Input!I8:I14)) | AB8: =IF(ROW()<=15,"",SUM(Daily_Input!I8:I21)) | AC8: =IF(ROW()<=4,"",AVERAGE(Daily_Input!F8:F10)) -> 37795.408 | AD8: =IF(ROW()<=8,"",AVERAGE(Daily_Input!F8:F14)) | AE8: =IF(ROW()<=8,"",MAX(Daily_Input!F8:F14)) | AF8: =IF(ROW()<=2+0,"",INDEX(Daily_Input!$G:$G,ROW()-1)) -> 15019.2 | AG8: =IF(ROW()<=2+0,"",INDEX(Daily_Input!$H:$H,ROW()-1)) -> 24733.704 | AH8: =IF(ROW()<=2+1,"",INDEX(Daily_Input!$G:$G,ROW()-2)) -> 15019.2 | AI8: =IF(ROW()<=2+1,"",INDEX(Daily_Input!$H:$H,ROW()-2)) -> 6670.2723 | AJ8: =IF(ROW()<=2+2,"",INDEX(Daily_Input!$G:$G,ROW()-3)) -> 15019.2 | AK8: =IF(ROW()<=2+2,"",INDEX(Daily_Input!$H:$H,ROW()-3)) -> 5877.4746
A9: =Daily_Input!A9 -> 45846 | B9: =Daily_Input!F9 -> 38399.785 | C9: =Daily_Input!D9 -> 489.577 | D9: =Daily_Input!E9 -> 1634494 | E9: =IF(ROW()=2,"",Daily_Input!E9-Daily_Input!E8) -> 0 | F9: =IFERROR(Daily_Input!E9/Config!$B$4,"") -> 1.0055555 | G9: =Daily_Input!I9 -> 0 | H9: =IF(A9="","",IF(ROW()=2,G9,Config!$B$5*H8+G9)) -> 43.257388 | I9: =IF(A9="","",A9-DATE(YEAR(A9),1,0)) -> 189 | J9: =IF(I9="","",SIN(2*PI()*I9/Config!$B$6)) -> -0.11165901 | K9: =IF(I9="","",COS(2*PI()*I9/Config!$B$6)) -> -0.99374658 | L9: =IF(ROW()<=2+0,"",INDEX(Daily_Input!$F:$F,ROW()-1)) -> 41376.631 | M9: =IF(ROW()<=2+1,"",INDEX(Daily_Input!$F:$F,ROW()-2)) -> 41409.762 | N9: =IF(ROW()<=2+2,"",INDEX(Daily_Input!$F:$F,ROW()-3)) -> 22384.726 | O9: =IF(ROW()<=2+3,"",INDEX(Daily_Input!$F:$F,ROW()-4)) -> 21645.221 | P9: =IF(ROW()<=2+4,"",INDEX(Daily_Input!$F:$F,ROW()-5)) -> 16246.518 | Q9: =IF(ROW()<=2+5,"",INDEX(Daily_Input!$F:$F,ROW()-6)) -> 17695.813 | R9: =IF(ROW()<=2+6,"",INDEX(Daily_Input!$F:$F,ROW()-7)) -> 15833.164 | S9: =IF(ROW()<=2+7,"",INDEX(Daily_Input!$F:$F,ROW()-8)) | T9: =IF(ROW()<=2+8,"",INDEX(Daily_Input!$F:$F,ROW()-9)) | U9: =IF(ROW()<=2+9,"",INDEX(Daily_Input!$F:$F,ROW()-10)) | V9: =IF(ROW()<=2+10,"",INDEX(Daily_Input!$F:$F,ROW()-11)) | W9: =IF(ROW()<=2+11,"",INDEX(Daily_Input!$F:$F,ROW()-12)) | X9: =IF(ROW()<=2+12,"",INDEX(Daily_Input!$F:$F,ROW()-13)) | Y9: =IF(ROW()<=2+13,"",INDEX(Daily_Input!$F:$F,ROW()-14)) | Z9: =IF(ROW()<=4,"",SUM(Daily_Input!I9:I11)) -> 8.6 | AA9: =IF(ROW()<=8,"",SUM(Daily_Input!I9:I15)) -> 46.8 | AB9: =IF(ROW()<=15,"",SUM(Daily_Input!I9:I22)) | AC9: =IF(ROW()<=4,"",AVERAGE(Daily_Input!F9:F11)) -> 29461.771 | AD9: =IF(ROW()<=8,"",AVERAGE(Daily_Input!F9:F15)) -> 32594.641 | AE9: =IF(ROW()<=8,"",MAX(Daily_Input!F9:F15)) -> 62078.747 | AF9: =IF(ROW()<=2+0,"",INDEX(Daily_Input!$G:$G,ROW()-1)) -> 15019.2 | AG9: =IF(ROW()<=2+0,"",INDEX(Daily_Input!$H:$H,ROW()-1)) -> 25540.965 | AH9: =IF(ROW()<=2+1,"",INDEX(Daily_Input!$G:$G,ROW()-2)) -> 15019.2 | AI9: =IF(ROW()<=2+1,"",INDEX(Daily_Input!$H:$H,ROW()-2)) -> 24733.704 | AJ9: =IF(ROW()<=2+2,"",INDEX(Daily_Input!$G:$G,ROW()-3)) -> 15019.2 | AK9: =IF(ROW()<=2+2,"",INDEX(Daily_Input!$H:$H,ROW()-3)) -> 6670.2723
A10: =Daily_Input!A10 -> 45847 | B10: =Daily_Input!F10 -> 33609.808 | C10: =Daily_Input!D10 -> 489.57 | D10: =Daily_Input!E10 -> 1634494 | E10: =IF(ROW()=2,"",Daily_Input!E10-Daily_Input!E9) -> 0 | F10: =IFERROR(Daily_Input!E10/Config!$B$4,"") -> 1.0055555 | G10: =Daily_Input!I10 -> 0 | H10: =IF(A10="","",IF(ROW()=2,G10,Config!$B$5*H9+G10)) -> 41.094519 | I10: =IF(A10="","",A10-DATE(YEAR(A10),1,0)) -> 190 | J10: =IF(I10="","",SIN(2*PI()*I10/Config!$B$6)) -> -0.12874818 | K10: =IF(I10="","",COS(2*PI()*I10/Config!$B$6)) -> -0.99167732 | L10: =IF(ROW()<=2+0,"",INDEX(Daily_Input!$F:$F,ROW()-1)) -> 38399.785 | M10: =IF(ROW()<=2+1,"",INDEX(Daily_Input!$F:$F,ROW()-2)) -> 41376.631 | N10: =IF(ROW()<=2+2,"",INDEX(Daily_Input!$F:$F,ROW()-3)) -> 41409.762 | O10: =IF(ROW()<=2+3,"",INDEX(Daily_Input!$F:$F,ROW()-4)) -> 22384.726 | P10: =IF(ROW()<=2+4,"",INDEX(Daily_Input!$F:$F,ROW()-5)) -> 21645.221 | Q10: =IF(ROW()<=2+5,"",INDEX(Daily_Input!$F:$F,ROW()-6)) -> 16246.518 | R10: =IF(ROW()<=2+6,"",INDEX(Daily_Input!$F:$F,ROW()-7)) -> 17695.813 | S10: =IF(ROW()<=2+7,"",INDEX(Daily_Input!$F:$F,ROW()-8)) -> 15833.164 | T10: =IF(ROW()<=2+8,"",INDEX(Daily_Input!$F:$F,ROW()-9)) | U10: =IF(ROW()<=2+9,"",INDEX(Daily_Input!$F:$F,ROW()-10)) | V10: =IF(ROW()<=2+10,"",INDEX(Daily_Input!$F:$F,ROW()-11)) | W10: =IF(ROW()<=2+11,"",INDEX(Daily_Input!$F:$F,ROW()-12)) | X10: =IF(ROW()<=2+12,"",INDEX(Daily_Input!$F:$F,ROW()-13)) | Y10: =IF(ROW()<=2+13,"",INDEX(Daily_Input!$F:$F,ROW()-14)) | Z10: =IF(ROW()<=4,"",SUM(Daily_Input!I10:I12)) -> 10 | AA10: =IF(ROW()<=8,"",SUM(Daily_Input!I10:I16)) -> 46.8 | AB10: =IF(ROW()<=15,"",SUM(Daily_Input!I10:I23)) | AC10: =IF(ROW()<=4,"",AVERAGE(Daily_Input!F10:F12)) -> 19793.405 | AD10: =IF(ROW()<=8,"",AVERAGE(Daily_Input!F10:F16)) -> 32525.171 | AE10: =IF(ROW()<=8,"",MAX(Daily_Input!F10:F16)) -> 62078.747 | AF10: =IF(ROW()<=2+0,"",INDEX(Daily_Input!$G:$G,ROW()-1)) -> 15019.2 | AG10: =IF(ROW()<=2+0,"",INDEX(Daily_Input!$H:$H,ROW()-1)) -> 22564.119 | AH10: =IF(ROW()<=2+1,"",INDEX(Daily_Input!$G:$G,ROW()-2)) -> 15019.2 | AI10: =IF(ROW()<=2+1,"",INDEX(Daily_Input!$H:$H,ROW()-2)) -> 25540.965 | AJ10: =IF(ROW()<=2+2,"",INDEX(Daily_Input!$G:$G,ROW()-3)) -> 15019.2 | AK10: =IF(ROW()<=2+2,"",INDEX(Daily_Input!$H:$H,ROW()-3)) -> 24733.704
A11: =Daily_Input!A11 -> 45848 | B11: =Daily_Input!F11 -> 16375.722 | C11: =Daily_Input!D11 -> 489.564 | D11: =Daily_Input!E11 -> 1631482.4 | E11: =IF(ROW()=2,"",Daily_Input!E11-Daily_Input!E10) -> -3011.6213 | F11: =IFERROR(Daily_Input!E11/Config!$B$4,"") -> 1.0037027 | G11: =Daily_Input!I11 -> 8.6 | H11: =IF(A11="","",IF(ROW()=2,G11,Config!$B$5*H10+G11)) -> 47.639793 | I11: =IF(A11="","",A11-DATE(YEAR(A11),1,0)) -> 191 | J11: =IF(I11="","",SIN(2*PI()*I11/Config!$B$6)) -> -0.1457992 | K11: =IF(I11="","",COS(2*PI()*I11/Config!$B$6)) -> -0.9893142 | L11: =IF(ROW()<=2+0,"",INDEX(Daily_Input!$F:$F,ROW()-1)) -> 33609.808 | M11: =IF(ROW()<=2+1,"",INDEX(Daily_Input!$F:$F,ROW()-2)) -> 38399.785 | N11: =IF(ROW()<=2+2,"",INDEX(Daily_Input!$F:$F,ROW()-3)) -> 41376.631 | O11: =IF(ROW()<=2+3,"",INDEX(Daily_Input!$F:$F,ROW()-4)) -> 41409.762 | P11: =IF(ROW()<=2+4,"",INDEX(Daily_Input!$F:$F,ROW()-5)) -> 22384.726 | Q11: =IF(ROW()<=2+5,"",INDEX(Daily_Input!$F:$F,ROW()-6)) -> 21645.221 | R11: =IF(ROW()<=2+6,"",INDEX(Daily_Input!$F:$F,ROW()-7)) -> 16246.518 | S11: =IF(ROW()<=2+7,"",INDEX(Daily_Input!$F:$F,ROW()-8)) -> 17695.813 | T11: =IF(ROW()<=2+8,"",INDEX(Daily_Input!$F:$F,ROW()-9)) -> 15833.164 | U11: =IF(ROW()<=2+9,"",INDEX(Daily_Input!$F:$F,ROW()-10)) | V11: =IF(ROW()<=2+10,"",INDEX(Daily_Input!$F:$F,ROW()-11)) | W11: =IF(ROW()<=2+11,"",INDEX(Daily_Input!$F:$F,ROW()-12)) | X11: =IF(ROW()<=2+12,"",INDEX(Daily_Input!$F:$F,ROW()-13)) | Y11: =IF(ROW()<=2+13,"",INDEX(Daily_Input!$F:$F,ROW()-14)) | Z11: =IF(ROW()<=4,"",SUM(Daily_Input!I11:I13)) -> 15.2 | AA11: =IF(ROW()<=8,"",SUM(Daily_Input!I11:I17)) -> 125.6 | AB11: =IF(ROW()<=15,"",SUM(Daily_Input!I11:I24)) | AC11: =IF(ROW()<=4,"",AVERAGE(Daily_Input!F11:F13)) -> 15333.284 | AD11: =IF(ROW()<=8,"",AVERAGE(Daily_Input!F11:F17)) -> 139666.14 | AE11: =IF(ROW()<=8,"",MAX(Daily_Input!F11:F17)) -> 783596.62 | AF11: =IF(ROW()<=2+0,"",INDEX(Daily_Input!$G:$G,ROW()-1)) -> 15019.2 | AG11: =IF(ROW()<=2+0,"",INDEX(Daily_Input!$H:$H,ROW()-1)) -> 17774.142 | AH11: =IF(ROW()<=2+1,"",INDEX(Daily_Input!$G:$G,ROW()-2)) -> 15019.2 | AI11: =IF(ROW()<=2+1,"",INDEX(Daily_Input!$H:$H,ROW()-2)) -> 22564.119 | AJ11: =IF(ROW()<=2+2,"",INDEX(Daily_Input!$G:$G,ROW()-3)) -> 15019.2 | AK11: =IF(ROW()<=2+2,"",INDEX(Daily_Input!$H:$H,ROW()-3)) -> 25540.965
A12: =Daily_Input!A12 -> 45849 | B12: =Daily_Input!F12 -> 9394.6862 | C12: =Daily_Input!D12 -> 489.544 | D12: =Daily_Input!E12 -> 1625463.8 | E12: =IF(ROW()=2,"",Daily_Input!E12-Daily_Input!E11) -> -6018.6362 | F12: =IFERROR(Daily_Input!E12/Config!$B$4,"") -> 1 | G12: =Daily_Input!I12 -> 1.4 | H12: =IF(A12="","",IF(ROW()=2,G12,Config!$B$5*H11+G12)) -> 46.657803 | I12: =IF(A12="","",A12-DATE(YEAR(A12),1,0)) -> 192 | J12: =IF(I12="","",SIN(2*PI()*I12/Config!$B$6)) -> -0.16280701 | K12: =IF(I12="","",COS(2*PI()*I12/Config!$B$6)) -> -0.98665793 | L12: =IF(ROW()<=2+0,"",INDEX(Daily_Input!$F:$F,ROW()-1)) -> 16375.722 | M12: =IF(ROW()<=2+1,"",INDEX(Daily_Input!$F:$F,ROW()-2)) -> 33609.808 | N12: =IF(ROW()<=2+2,"",INDEX(Daily_Input!$F:$F,ROW()-3)) -> 38399.785 | O12: =IF(ROW()<=2+3,"",INDEX(Daily_Input!$F:$F,ROW()-4)) -> 41376.631 | P12: =IF(ROW()<=2+4,"",INDEX(Daily_Input!$F:$F,ROW()-5)) -> 41409.762 | Q12: =IF(ROW()<=2+5,"",INDEX(Daily_Input!$F:$F,ROW()-6)) -> 22384.726 | R12: =IF(ROW()<=2+6,"",INDEX(Daily_Input!$F:$F,ROW()-7)) -> 21645.221 | S12: =IF(ROW()<=2+7,"",INDEX(Daily_Input!$F:$F,ROW()-8)) -> 16246.518 | T12: =IF(ROW()<=2+8,"",INDEX(Daily_Input!$F:$F,ROW()-9)) -> 17695.813 | U12: =IF(ROW()<=2+9,"",INDEX(Daily_Input!$F:$F,ROW()-10)) -> 15833.164 | V12: =IF(ROW()<=2+10,"",INDEX(Daily_Input!$F:$F,ROW()-11)) | W12: =IF(ROW()<=2+11,"",INDEX(Daily_Input!$F:$F,ROW()-12)) | X12: =IF(ROW()<=2+12,"",INDEX(Daily_Input!$F:$F,ROW()-13)) | Y12: =IF(ROW()<=2+13,"",INDEX(Daily_Input!$F:$F,ROW()-14)) | Z12: =IF(ROW()<=4,"",SUM(Daily_Input!I12:I14)) -> 38.2 | AA12: =IF(ROW()<=8,"",SUM(Daily_Input!I12:I18)) -> 121.2 | AB12: =IF(ROW()<=15,"",SUM(Daily_Input!I12:I25)) | AC12: =IF(ROW()<=4,"",AVERAGE(Daily_Input!F12:F14)) -> 30567.626 | AD12: =IF(ROW()<=8,"",AVERAGE(Daily_Input!F12:F18)) -> 197431.96 | AE12: =IF(ROW()<=8,"",MAX(Daily_Input!F12:F18)) -> 783596.62 | AF12: =IF(ROW()<=2+0,"",INDEX(Daily_Input!$G:$G,ROW()-1)) -> 15019.2 | AG12: =IF(ROW()<=2+0,"",INDEX(Daily_Input!$H:$H,ROW()-1)) -> 6141.422 | AH12: =IF(ROW()<=2+1,"",INDEX(Daily_Input!$G:$G,ROW()-2)) -> 15019.2 | AI12: =IF(ROW()<=2+1,"",INDEX(Daily_Input!$H:$H,ROW()-2)) -> 17774.142 | AJ12: =IF(ROW()<=2+2,"",INDEX(Daily_Input!$G:$G,ROW()-3)) -> 15019.2 | AK12: =IF(ROW()<=2+2,"",INDEX(Daily_Input!$H:$H,ROW()-3)) -> 22564.119
A13: =Daily_Input!A13 -> 45850 | B13: =Daily_Input!F13 -> 20229.445 | C13: =Daily_Input!D13 -> 489.531 | D13: =Daily_Input!E13 -> 1622456.8 | E13: =IF(ROW()=2,"",Daily_Input!E13-Daily_Input!E12) -> -3006.9861 | F13: =IFERROR(Daily_Input!E13/Config!$B$4,"") -> 0.99815007 | G13: =Daily_Input!I13 -> 5.2 | H13: =IF(A13="","",IF(ROW()=2,G13,Config!$B$5*H12+G13)) -> 49.524913 | I13: =IF(A13="","",A13-DATE(YEAR(A13),1,0)) -> 193 | J13: =IF(I13="","",SIN(2*PI()*I13/Config!$B$6)) -> -0.17976659 | K13: =IF(I13="","",COS(2*PI()*I13/Config!$B$6)) -> -0.98370929 | L13: =IF(ROW()<=2+0,"",INDEX(Daily_Input!$F:$F,ROW()-1)) -> 9394.6862 | M13: =IF(ROW()<=2+1,"",INDEX(Daily_Input!$F:$F,ROW()-2)) -> 16375.722 | N13: =IF(ROW()<=2+2,"",INDEX(Daily_Input!$F:$F,ROW()-3)) -> 33609.808 | O13: =IF(ROW()<=2+3,"",INDEX(Daily_Input!$F:$F,ROW()-4)) -> 38399.785 | P13: =IF(ROW()<=2+4,"",INDEX(Daily_Input!$F:$F,ROW()-5)) -> 41376.631 | Q13: =IF(ROW()<=2+5,"",INDEX(Daily_Input!$F:$F,ROW()-6)) -> 41409.762 | R13: =IF(ROW()<=2+6,"",INDEX(Daily_Input!$F:$F,ROW()-7)) -> 22384.726 | S13: =IF(ROW()<=2+7,"",INDEX(Daily_Input!$F:$F,ROW()-8)) -> 21645.221 | T13: =IF(ROW()<=2+8,"",INDEX(Daily_Input!$F:$F,ROW()-9)) -> 16246.518 | U13: =IF(ROW()<=2+9,"",INDEX(Daily_Input!$F:$F,ROW()-10)) -> 17695.813 | V13: =IF(ROW()<=2+10,"",INDEX(Daily_Input!$F:$F,ROW()-11)) -> 15833.164 | W13: =IF(ROW()<=2+11,"",INDEX(Daily_Input!$F:$F,ROW()-12)) | X13: =IF(ROW()<=2+12,"",INDEX(Daily_Input!$F:$F,ROW()-13)) | Y13: =IF(ROW()<=2+13,"",INDEX(Daily_Input!$F:$F,ROW()-14)) | Z13: =IF(ROW()<=4,"",SUM(Daily_Input!I13:I15)) -> 36.8 | AA13: =IF(ROW()<=8,"",SUM(Daily_Input!I13:I19)) -> 124 | AB13: =IF(ROW()<=15,"",SUM(Daily_Input!I13:I26)) | AC13: =IF(ROW()<=4,"",AVERAGE(Daily_Input!F13:F15)) -> 43460.829 | AD13: =IF(ROW()<=8,"",AVERAGE(Daily_Input!F13:F19)) -> 231353.23 | AE13: =IF(ROW()<=8,"",MAX(Daily_Input!F13:F19)) -> 783596.62 | AF13: =IF(ROW()<=2+0,"",INDEX(Daily_Input!$G:$G,ROW()-1)) -> 15019.2 | AG13: =IF(ROW()<=2+0,"",INDEX(Daily_Input!$H:$H,ROW()-1)) -> 0 | AH13: =IF(ROW()<=2+1,"",INDEX(Daily_Input!$G:$G,ROW()-2)) -> 15019.2 | AI13: =IF(ROW()<=2+1,"",INDEX(Daily_Input!$H:$H,ROW()-2)) -> 6141.422 | AJ13: =IF(ROW()<=2+2,"",INDEX(Daily_Input!$G:$G,ROW()-3)) -> 15019.2 | AK13: =IF(ROW()<=2+2,"",INDEX(Daily_Input!$H:$H,ROW()-3)) -> 17774.142
A14: =Daily_Input!A14 -> 45851 | B14: =Daily_Input!F14 -> 62078.747 | C14: =Daily_Input!D14 -> 489.589 | D14: =Daily_Input!E14 -> 1637507.2 | E14: =IF(ROW()=2,"",Daily_Input!E14-Daily_Input!E13) -> 15050.447 | F14: =IFERROR(Daily_Input!E14/Config!$B$4,"") -> 1.0074092 | G14: =Daily_Input!I14 -> 31.6 | H14: =IF(A14="","",IF(ROW()=2,G14,Config!$B$5*H13+G14)) -> 78.648667 | I14: =IF(A14="","",A14-DATE(YEAR(A14),1,0)) -> 194 | J14: =IF(I14="","",SIN(2*PI()*I14/Config!$B$6)) -> -0.19667289 | K14: =IF(I14="","",COS(2*PI()*I14/Config!$B$6)) -> -0.98046916 | L14: =IF(ROW()<=2+0,"",INDEX(Daily_Input!$F:$F,ROW()-1)) -> 20229.445 | M14: =IF(ROW()<=2+1,"",INDEX(Daily_Input!$F:$F,ROW()-2)) -> 9394.6862 | N14: =IF(ROW()<=2+2,"",INDEX(Daily_Input!$F:$F,ROW()-3)) -> 16375.722 | O14: =IF(ROW()<=2+3,"",INDEX(Daily_Input!$F:$F,ROW()-4)) -> 33609.808 | P14: =IF(ROW()<=2+4,"",INDEX(Daily_Input!$F:$F,ROW()-5)) -> 38399.785 | Q14: =IF(ROW()<=2+5,"",INDEX(Daily_Input!$F:$F,ROW()-6)) -> 41376.631 | R14: =IF(ROW()<=2+6,"",INDEX(Daily_Input!$F:$F,ROW()-7)) -> 41409.762 | S14: =IF(ROW()<=2+7,"",INDEX(Daily_Input!$F:$F,ROW()-8)) -> 22384.726 | T14: =IF(ROW()<=2+8,"",INDEX(Daily_Input!$F:$F,ROW()-9)) -> 21645.221 | U14: =IF(ROW()<=2+9,"",INDEX(Daily_Input!$F:$F,ROW()-10)) -> 16246.518 | V14: =IF(ROW()<=2+10,"",INDEX(Daily_Input!$F:$F,ROW()-11)) -> 17695.813 | W14: =IF(ROW()<=2+11,"",INDEX(Daily_Input!$F:$F,ROW()-12)) -> 15833.164 | X14: =IF(ROW()<=2+12,"",INDEX(Daily_Input!$F:$F,ROW()-13)) | Y14: =IF(ROW()<=2+13,"",INDEX(Daily_Input!$F:$F,ROW()-14)) | Z14: =IF(ROW()<=4,"",SUM(Daily_Input!I14:I16)) -> 31.6 | AA14: =IF(ROW()<=8,"",SUM(Daily_Input!I14:I20)) -> 118.8 | AB14: =IF(ROW()<=15,"",SUM(Daily_Input!I14:I27)) | AC14: =IF(ROW()<=4,"",AVERAGE(Daily_Input!F14:F16)) -> 49355.512 | AD14: =IF(ROW()<=8,"",AVERAGE(Daily_Input!F14:F20)) -> 248806.09 | AE14: =IF(ROW()<=8,"",MAX(Daily_Input!F14:F20)) -> 783596.62 | AF14: =IF(ROW()<=2+0,"",INDEX(Daily_Input!$G:$G,ROW()-1)) -> 15019.2 | AG14: =IF(ROW()<=2+0,"",INDEX(Daily_Input!$H:$H,ROW()-1)) -> 8965.6721 | AH14: =IF(ROW()<=2+1,"",INDEX(Daily_Input!$G:$G,ROW()-2)) -> 15019.2 | AI14: =IF(ROW()<=2+1,"",INDEX(Daily_Input!$H:$H,ROW()-2)) -> 0 | AJ14: =IF(ROW()<=2+2,"",INDEX(Daily_Input!$G:$G,ROW()-3)) -> 15019.2 | AK14: =IF(ROW()<=2+2,"",INDEX(Daily_Input!$H:$H,ROW()-3)) -> 6141.422
... A216: =Daily_Input!A216 -> 46053 | B216: =Daily_Input!F216 -> 20003.431 | C216: =Daily_Input!D216 -> 489.567 | D216: =Daily_Input!E216 -> 1631482.4 | E216: =IF(ROW()=2,"",Daily_Input!E216-Daily_Input!E215) -> 0 | F216: =IFERROR(Daily_Input!E216/Config!$B$4,"") -> 1.0037027 | G216: =Daily_Input!I216 -> 0 | H216: =IF(A216="","",IF(ROW()=2,G216,Config!$B$5*H215+G216)) -> 3.806416 | I216: =IF(A216="","",A216-DATE(YEAR(A216),1,0)) -> 31 | J216: =IF(I216="","",SIN(2*PI()*I216/Config!$B$6)) -> 0.50867094 | K216: =IF(I216="","",COS(2*PI()*I216/Config!$B$6)) -> 0.86096102 | L216: =IF(ROW()<=2+0,"",INDEX(Daily_Input!$F:$F,ROW()-1)) -> 17361.896 | M216: =IF(ROW()<=2+1,"",INDEX(Daily_Input!$F:$F,ROW()-2)) -> 25758.307 | N216: =IF(ROW()<=2+2,"",INDEX(Daily_Input!$F:$F,ROW()-3)) -> 18188.771 | O216: =IF(ROW()<=2+3,"",INDEX(Daily_Input!$F:$F,ROW()-4)) -> 24087.349 | P216: =IF(ROW()<=2+4,"",INDEX(Daily_Input!$F:$F,ROW()-5)) -> 19450.908 | Q216: =IF(ROW()<=2+5,"",INDEX(Daily_Input!$F:$F,ROW()-6)) -> 17735.329 | R216: =IF(ROW()<=2+6,"",INDEX(Daily_Input!$F:$F,ROW()-7)) -> 14863.858 | S216: =IF(ROW()<=2+7,"",INDEX(Daily_Input!$F:$F,ROW()-8)) -> 13947.703 | T216: =IF(ROW()<=2+8,"",INDEX(Daily_Input!$F:$F,ROW()-9)) -> 12319.036 | U216: =IF(ROW()<=2+9,"",INDEX(Daily_Input!$F:$F,ROW()-10)) -> 13926.703 | V216: =IF(ROW()<=2+10,"",INDEX(Daily_Input!$F:$F,ROW()-11)) -> 17498.206 | W216: =IF(ROW()<=2+11,"",INDEX(Daily_Input!$F:$F,ROW()-12)) -> 17352.361 | X216: =IF(ROW()<=2+12,"",INDEX(Daily_Input!$F:$F,ROW()-13)) -> 17617.496 | Y216: =IF(ROW()<=2+13,"",INDEX(Daily_Input!$F:$F,ROW()-14)) -> 20765.389 | Z216: =IF(ROW()<=4,"",SUM(Daily_Input!I216:I218)) -> 0 | AA216: =IF(ROW()<=8,"",SUM(Daily_Input!I216:I222)) -> 0 | AB216: =IF(ROW()<=15,"",SUM(Daily_Input!I216:I229)) -> 0 | AC216: =IF(ROW()<=4,"",AVERAGE(Daily_Input!F216:F218)) -> 20003.431 | AD216: =IF(ROW()<=8,"",AVERAGE(Daily_Input!F216:F222)) -> 20003.431 | AE216: =IF(ROW()<=8,"",MAX(Daily_Input!F216:F222)) -> 20003.431 | AF216: =IF(ROW()<=2+0,"",INDEX(Daily_Input!$G:$G,ROW()-1)) -> 0 | AG216: =IF(ROW()<=2+0,"",INDEX(Daily_Input!$H:$H,ROW()-1)) -> 19700.313 | AH216: =IF(ROW()<=2+1,"",INDEX(Daily_Input!$G:$G,ROW()-2)) -> 0 | AI216: =IF(ROW()<=2+1,"",INDEX(Daily_Input!$H:$H,ROW()-2)) -> 22073.133 | AJ216: =IF(ROW()<=2+2,"",INDEX(Daily_Input!$G:$G,ROW()-3)) -> 0 | AK216: =IF(ROW()<=2+2,"",INDEX(Daily_Input!$H:$H,ROW()-3)) -> 20527.188

Sheet Data_Dictionary
A1: Sheet | B1: Column / Block | C1: Type | D1: Units | E1: Who fills | F1: How to use
A2: Daily_Input | B2: A:M | C2: Inputs | D2: - | E2: User | F2: Fill 1 row per day (as-of Config!AsOf_Time).
A3: Daily_Input | B3: N:AA | C3: Inputs | D3: mm | E3: User | F3: Rain_Forecast_d1..d14 issued at day t (same row).
A4: Training_Ready | B4: Row 2 formulas | C4: Derived | D4: - | E4: Excel | F4: After filling Daily_Input, copy row 2 down for the full length of your dataset.
A5: Training_Ready | B5: API_t | C5: Derived | D5: mm | E5: Excel | F5: API uses self-initializing formula: first row = Rain_obs, later rows = k*API_prev + Rain_obs.
A6: Training_Ready | B6: y1..y14 | C6: Targets | D6: m³/day | E6: Excel | F6: Direct multi-horizon targets: Q_in(t+1..t+14).
